<NFCom xmlns="http://www.portalfiscal.inf.br/nfcom" xmlns:xd="http://www.w3.org/2000/09/xmldsig#">
  <infNFCom versao="string" Id="string">
    <ide>
      <cUF>51</cUF>
      <tpAmb>1</tpAmb>
      <mod>62</mod>
      <serie>string</serie>
      <nNF>string</nNF>
      <cNF>string</cNF>
      <cDV>string</cDV>
      <dhEmi>string</dhEmi>
      <tpEmis>1</tpEmis>
      <nSiteAutoriz>string</nSiteAutoriz>
      <cMunFG>string</cMunFG>
      <finNFCom>4</finNFCom>
      <tpFat>1</tpFat>
      <verProc>string</verProc>
      <!--Optional:-->
      <indPrePago>1</indPrePago>
      <!--Optional:-->
      <indCessaoMeiosRede>1</indCessaoMeiosRede>
      <!--Optional:-->
      <indNotaEntrada>1</indNotaEntrada>
      <dhCont>string</dhCont>
      <xJust>stringstringstringstring</xJust>
    </ide>
    <emit>
      <CNPJ>string</CNPJ>
      <IE>string</IE>
      <!--Optional:-->
      <IEUFDest>string</IEUFDest>
      <CRT>2</CRT>
      <xNome>string</xNome>
      <!--Optional:-->
      <xFant>string</xFant>
      <enderEmit>
        <xLgr>string</xLgr>
        <nro>string</nro>
        <!--Optional:-->
        <xCpl>string</xCpl>
        <xBairro>string</xBairro>
        <cMun>string</cMun>
        <xMun>string</xMun>
        <CEP>string</CEP>
        <UF>CE</UF>
        <!--Optional:-->
        <fone>string</fone>
        <!--Optional:-->
        <email>string</email>
      </enderEmit>
    </emit>
    <dest>
      <xNome>string</xNome>
      <!--You have a CHOICE of the next 3 items at this level-->
      <CNPJ>string</CNPJ>
      <CPF>string</CPF>
      <idOutros>string</idOutros>
      <indIEDest>2</indIEDest>
      <!--Optional:-->
      <IE>string</IE>
      <!--Optional:-->
      <IM>string</IM>
      <enderDest>
        <xLgr>string</xLgr>
        <nro>string</nro>
        <!--Optional:-->
        <xCpl>string</xCpl>
        <xBairro>string</xBairro>
        <cMun>string</cMun>
        <xMun>string</xMun>
        <CEP>string</CEP>
        <UF>CE</UF>
        <!--Optional:-->
        <cPais>string</cPais>
        <!--Optional:-->
        <xPais>string</xPais>
        <!--Optional:-->
        <fone>string</fone>
        <!--Optional:-->
        <email>string</email>
      </enderDest>
    </dest>
    <assinante>
      <iCodAssinante>string</iCodAssinante>
      <tpAssinante>1</tpAssinante>
      <tpServUtil/>
      <!--Optional:-->
      <nContrato>string</nContrato>
      <!--Optional:-->
      <dContratoIni>string</dContratoIni>
      <!--Optional:-->
      <dContratoFim>string</dContratoFim>
      <NroTermPrinc>string</NroTermPrinc>
      <cUFPrinc>31</cUFPrinc>
      <NroTermAdic>string</NroTermAdic>
      <cUFAdic>25</cUFAdic>
    </assinante>
    <!--Optional:-->
    <gSub>
      <!--You have a CHOICE of the next 2 items at this level-->
      <chNFCom>string</chNFCom>
      <gNF>
        <CNPJ>string</CNPJ>
        <mod>22</mod>
        <serie>str</serie>
        <nNF>string</nNF>
        <CompetEmis>string</CompetEmis>
        <!--Optional:-->
        <hash115>c2NlcHRyYXNjZXB0cmFzY2VwdHJhc2NlcHRyYXNjZXA=</hash115>
      </gNF>
      <motSub>05</motSub>
    </gSub>
    <!--Optional:-->
    <gCofat>
      <chNFComLocal>string</chNFComLocal>
    </gCofat>
    <!--1 to 9990 repetitions:-->
    <det nItem="string" chNFComAnt="string" nItemAnt="string">
      <prod>
        <cProd>string</cProd>
        <xProd>string</xProd>
        <cClass>strings</cClass>
        <!--Optional:-->
        <CFOP>string</CFOP>
        <!--Optional:-->
        <CNPJLD>string</CNPJLD>
        <uMed>2</uMed>
        <qFaturada>string</qFaturada>
        <vItem>string</vItem>
        <!--Optional:-->
        <vDesc>string</vDesc>
        <!--Optional:-->
        <vOutro>string</vOutro>
        <vProd>string</vProd>
        <!--Optional:-->
        <dExpiracao>string</dExpiracao>
        <!--Optional:-->
        <indDevolucao>1</indDevolucao>
      </prod>
      <imposto>
        <!--You have a CHOICE of the next 2 items at this level-->
        <!--You have a CHOICE of the next 6 items at this level-->
        <ICMS00>
          <CST>00</CST>
          <vBC>string</vBC>
          <pICMS>string</pICMS>
          <vICMS>string</vICMS>
          <pFCP>string</pFCP>
          <vFCP>string</vFCP>
        </ICMS00>
        <ICMS20>
          <CST>20</CST>
          <pRedBC>string</pRedBC>
          <vBC>string</vBC>
          <pICMS>string</pICMS>
          <vICMS>string</vICMS>
          <vICMSDeson>string</vICMSDeson>
          <cBenef>string</cBenef>
          <pFCP>string</pFCP>
          <vFCP>string</vFCP>
        </ICMS20>
        <ICMS40>
          <CST>40</CST>
          <vICMSDeson>string</vICMSDeson>
          <cBenef>string</cBenef>
        </ICMS40>
        <ICMS51>
          <CST>51</CST>
          <vICMSDeson>string</vICMSDeson>
          <cBenef>string</cBenef>
        </ICMS51>
        <ICMS90>
          <CST>90</CST>
          <vBC>string</vBC>
          <pICMS>string</pICMS>
          <vICMS>string</vICMS>
          <vICMSDeson>string</vICMSDeson>
          <cBenef>string</cBenef>
          <pFCP>string</pFCP>
          <vFCP>string</vFCP>
        </ICMS90>
        <ICMSSN>
          <CST>90</CST>
          <indSN>1</indSN>
        </ICMSSN>
        <!--Zero or more repetitions:-->
        <ICMSUFDest cUFDest="53">
          <vBCUFDest>string</vBCUFDest>
          <pFCPUFDest>string</pFCPUFDest>
          <pICMSUFDest>string</pICMSUFDest>
          <vFCPUFDest>string</vFCPUFDest>
          <vICMSUFDest>string</vICMSUFDest>
          <vICMSUFEmi>string</vICMSUFEmi>
          <!--Optional:-->
          <cBenefUFDest>string</cBenefUFDest>
        </ICMSUFDest>
        <indSemCST>1</indSemCST>
        <!--Optional:-->
        <PIS>
          <CST>49</CST>
          <vBC>string</vBC>
          <pPIS>string</pPIS>
          <vPIS>string</vPIS>
        </PIS>
        <!--Optional:-->
        <COFINS>
          <CST>06</CST>
          <vBC>string</vBC>
          <pCOFINS>string</pCOFINS>
          <vCOFINS>string</vCOFINS>
        </COFINS>
        <!--Optional:-->
        <FUST>
          <vBC>string</vBC>
          <pFUST>string</pFUST>
          <vFUST>string</vFUST>
        </FUST>
        <!--Optional:-->
        <FUNTTEL>
          <vBC>string</vBC>
          <pFUNTTEL>string</pFUNTTEL>
          <vFUNTTEL>string</vFUNTTEL>
        </FUNTTEL>
        <!--Optional:-->
        <retTrib>
          <vRetPIS>string</vRetPIS>
          <vRetCofins>string</vRetCofins>
          <vRetCSLL>string</vRetCSLL>
          <vBCIRRF>string</vBCIRRF>
          <vIRRF>string</vIRRF>
        </retTrib>
      </imposto>
      <!--Optional:-->
      <gProcRef>
        <vItem>string</vItem>
        <qFaturada>string</qFaturada>
        <vProd>string</vProd>
        <!--Optional:-->
        <vDesc>string</vDesc>
        <!--Optional:-->
        <vOutro>string</vOutro>
        <!--Optional:-->
        <indDevolucao>1</indDevolucao>
        <!--Optional:-->
        <vBC>string</vBC>
        <!--Optional:-->
        <pICMS>string</pICMS>
        <!--Optional:-->
        <vICMS>string</vICMS>
        <!--Optional:-->
        <vPIS>string</vPIS>
        <!--Optional:-->
        <vCOFINS>string</vCOFINS>
        <!--Optional:-->
        <vFCP>string</vFCP>
        <!--1 to 10 repetitions:-->
        <gProc>
          <tpProc>2</tpProc>
          <nProcesso>string</nProcesso>
        </gProc>
      </gProcRef>
      <!--Optional:-->
      <gRessarc>
        <tpRessarc>1</tpRessarc>
        <dRef>string</dRef>
        <!--Optional:-->
        <nProcesso>string</nProcesso>
        <!--Optional:-->
        <nProtReclama>string</nProtReclama>
        <!--Optional:-->
        <xObs>stringstringstringstring</xObs>
      </gRessarc>
      <!--Optional:-->
      <infAdProd>string</infAdProd>
    </det>
    <total>
      <vProd>string</vProd>
      <ICMSTot>
        <vBC>string</vBC>
        <vICMS>string</vICMS>
        <vICMSDeson>string</vICMSDeson>
        <vFCP>string</vFCP>
      </ICMSTot>
      <vCOFINS>string</vCOFINS>
      <vPIS>string</vPIS>
      <vFUNTTEL>string</vFUNTTEL>
      <vFUST>string</vFUST>
      <vRetTribTot>
        <vRetPIS>string</vRetPIS>
        <vRetCofins>string</vRetCofins>
        <vRetCSLL>string</vRetCSLL>
        <vIRRF>string</vIRRF>
      </vRetTribTot>
      <vDesc>string</vDesc>
      <vOutro>string</vOutro>
      <vNF>string</vNF>
    </total>
    <!--Optional:-->
    <gFidelidade>
      <qtdSaldoPts>string</qtdSaldoPts>
      <dRefSaldoPts>string</dRefSaldoPts>
      <qtdPtsResg>string</qtdPtsResg>
      <dRefResgPts>string</dRefResgPts>
    </gFidelidade>
    <!--You have a CHOICE of the next 2 items at this level-->
    <!--Optional:-->
    <gFat>
      <CompetFat>string</CompetFat>
      <dVencFat>string</dVencFat>
      <dPerUsoIni>string</dPerUsoIni>
      <dPerUsoFim>string</dPerUsoFim>
      <codBarras>string</codBarras>
      <!--Optional:-->
      <codDebAuto>string</codDebAuto>
      <codBanco>strin</codBanco>
      <codAgencia>string</codAgencia>
      <!--Optional:-->
      <enderCorresp>
        <xLgr>string</xLgr>
        <nro>string</nro>
        <!--Optional:-->
        <xCpl>string</xCpl>
        <xBairro>string</xBairro>
        <cMun>string</cMun>
        <xMun>string</xMun>
        <CEP>string</CEP>
        <UF>PR</UF>
        <!--Optional:-->
        <fone>string</fone>
        <!--Optional:-->
        <email>string</email>
      </enderCorresp>
      <!--Optional:-->
      <gPIX>
        <urlQRCodePIX>string</urlQRCodePIX>
      </gPIX>
    </gFat>
    <!--Optional:-->
    <gFatCentral>
      <CNPJ>string</CNPJ>
      <cUF>51</cUF>
    </gFatCentral>
    <!--0 to 10 repetitions:-->
    <autXML>
      <!--You have a CHOICE of the next 2 items at this level-->
      <CNPJ>string</CNPJ>
      <CPF>string</CPF>
    </autXML>
    <!--Optional:-->
    <infAdic>
      <!--Optional:-->
      <infAdFisco>string</infAdFisco>
      <!--0 to 5 repetitions:-->
      <infCpl>string</infCpl>
    </infAdic>
    <!--Optional:-->
    <gRespTec>
      <CNPJ>string</CNPJ>
      <xContato>string</xContato>
      <email>string</email>
      <fone>string</fone>
      <idCSRT>string</idCSRT>
      <hashCSRT>YXJjZWFyY2VhcmNlYXJjZWFyY2U=</hashCSRT>
    </gRespTec>
  </infNFCom>
  <infNFComSupl>
    <qrCodNFCom>stringstringstringstringstringstringstringstringstringstringstringstringstringstringstringstring</qrCodNFCom>
  </infNFComSupl>
  <Signature xmlns="http://www.w3.org/2000/09/xmldsig#">
    <SignedInfo>
      <CanonicalizationMethod Algorithm="http://www.w3.org/TR/2001/REC-xml-c14n-20010315"/>
      <SignatureMethod Algorithm="http://www.w3.org/2000/09/xmldsig#rsa-sha1"/>
      <Reference URI="#NFCom">
        <Transforms>
          <Transform Algorithm="http://www.w3.org/2000/09/xmldsig#enveloped-signature">
          <Transform Algorithm="http://www.w3.org/TR/2001/REC-xml-c14n-20010315"/>
        </Transforms>
        <DigestMethod Algorithm="http://www.w3.org/2000/09/xmldsig#sha1"/>
        <DigestValue>cGVjdG9yZQ==</DigestValue>
      </Reference>
    </SignedInfo>
    <SignatureValue>dGFsaWE=</SignatureValue>
    <KeyInfo>
      <X509Data>
        <X509Certificate>cGVjdG9yZQ==</X509Certificate>
      </X509Data>
    </KeyInfo>
  </Signature>
</NFCom>